text_index,brand,keyword_found,text
11,twitter,x,Great service and excellent quality! 👏
13,twitter,x,Exceeded my expectations! Amazing product!
23,twitter,x,Great service and excellent quality! 👏
28,twitter,x,"Standard product, nothing extraordinary."
30,twitter,x,Terrible experience! Waste of money! 😡
31,twitter,x,Great service and excellent quality! 👏
33,twitter,x,Average experience overall.
35,twitter,x,Terrible experience! Waste of money! 😡
37,twitter,x,Average experience overall.
45,twitter,x,"Average quality, meets basic expectations."
47,twitter,x,"Average quality, meets basic expectations."
54,twitter,x,Fantastic experience with customer support!
57,twitter,x,Great service and excellent quality! 👏
60,twitter,x,Terrible experience! Waste of money! 😡
61,twitter,x,"Average quality, meets basic expectations."
67,twitter,x,Terrible experience! Waste of money! 😡
68,twitter,x,"Average quality, meets basic expectations."
71,twitter,x,Fantastic experience with customer support!
83,twitter,x,Exceeded my expectations! Amazing product!
91,twitter,x,Fantastic experience with customer support!
100,twitter,x,Exceeded my expectations! Amazing product!
103,twitter,x,"Average quality, meets basic expectations."
110,twitter,x,Exceeded my expectations! Amazing product!
116,twitter,x,Terrible experience! Waste of money! 😡
117,twitter,x,Terrible experience! Waste of money! 😡
121,twitter,x,Great service and excellent quality! 👏
122,twitter,x,"Standard product, nothing extraordinary."
127,twitter,x,"Average quality, meets basic expectations."
135,twitter,x,Average experience overall.
138,twitter,x,Fantastic experience with customer support!
142,twitter,x,"Standard product, nothing extraordinary."
143,twitter,x,Average experience overall.
158,twitter,x,Average experience overall.
164,twitter,x,Fantastic experience with customer support!
170,twitter,x,"Average quality, meets basic expectations."
171,twitter,x,Terrible experience! Waste of money! 😡
174,twitter,x,This is exactly what I was looking for! Perfect!
176,twitter,x,"Average quality, meets basic expectations."
177,twitter,x,"Average quality, meets basic expectations."
186,twitter,x,Average experience overall.
188,twitter,x,Fantastic experience with customer support!
195,twitter,x,Fantastic experience with customer support!
198,twitter,x,Average experience overall.
199,twitter,x,Average experience overall.
206,twitter,x,Terrible experience! Waste of money! 😡
212,twitter,x,"Average quality, meets basic expectations."
213,twitter,x,Terrible experience! Waste of money! 😡
217,twitter,x,This is exactly what I was looking for! Perfect!
229,twitter,x,Terrible experience! Waste of money! 😡
230,twitter,x,Fantastic experience with customer support!
232,twitter,x,This is exactly what I was looking for! Perfect!
233,twitter,x,Average experience overall.
234,twitter,x,Great service and excellent quality! 👏
239,twitter,x,"Standard product, nothing extraordinary."
241,twitter,x,Fantastic experience with customer support!
242,twitter,x,"Standard product, nothing extraordinary."
244,twitter,x,Fantastic experience with customer support!
247,twitter,x,Fantastic experience with customer support!
257,twitter,x,Terrible experience! Waste of money! 😡
258,twitter,x,This is exactly what I was looking for! Perfect!
260,twitter,x,Exceeded my expectations! Amazing product!
264,twitter,x,Fantastic experience with customer support!
266,twitter,x,Terrible experience! Waste of money! 😡
270,twitter,x,This is exactly what I was looking for! Perfect!
271,twitter,x,Great service and excellent quality! 👏
281,twitter,x,Average experience overall.
282,twitter,x,Exceeded my expectations! Amazing product!
285,twitter,x,"Standard product, nothing extraordinary."
286,twitter,x,Exceeded my expectations! Amazing product!
287,twitter,x,Terrible experience! Waste of money! 😡
301,twitter,x,This is exactly what I was looking for! Perfect!
303,twitter,x,Great service and excellent quality! 👏
305,twitter,x,"Standard product, nothing extraordinary."
308,twitter,x,Fantastic experience with customer support!
311,twitter,x,"Standard product, nothing extraordinary."
325,twitter,x,Great service and excellent quality! 👏
331,twitter,x,This is exactly what I was looking for! Perfect!
341,twitter,x,Average experience overall.
343,twitter,x,Terrible experience! Waste of money! 😡
350,twitter,x,Terrible experience! Waste of money! 😡
352,twitter,x,Exceeded my expectations! Amazing product!
353,twitter,x,This is exactly what I was looking for! Perfect!
355,twitter,x,This is exactly what I was looking for! Perfect!
357,twitter,x,Great service and excellent quality! 👏
362,twitter,x,Average experience overall.
367,twitter,x,Exceeded my expectations! Amazing product!
371,twitter,x,"Average quality, meets basic expectations."
378,twitter,x,Great service and excellent quality! 👏
379,twitter,x,Average experience overall.
380,twitter,x,"Average quality, meets basic expectations."
383,twitter,x,Terrible experience! Waste of money! 😡
384,twitter,x,Fantastic experience with customer support!
391,twitter,x,"Average quality, meets basic expectations."
400,twitter,x,Fantastic experience with customer support!
401,twitter,x,Average experience overall.
402,twitter,x,Great service and excellent quality! 👏
407,twitter,x,This is exactly what I was looking for! Perfect!
410,twitter,x,Exceeded my expectations! Amazing product!
412,twitter,x,Terrible experience! Waste of money! 😡
413,twitter,x,This is exactly what I was looking for! Perfect!
414,twitter,x,This is exactly what I was looking for! Perfect!
417,twitter,x,Average experience overall.
423,twitter,x,Fantastic experience with customer support!
426,twitter,x,Great service and excellent quality! 👏
429,twitter,x,This is exactly what I was looking for! Perfect!
438,twitter,x,Exceeded my expectations! Amazing product!
444,twitter,x,Fantastic experience with customer support!
451,twitter,x,"Average quality, meets basic expectations."
452,twitter,x,"Standard product, nothing extraordinary."
461,twitter,x,Great service and excellent quality! 👏
462,twitter,x,This is exactly what I was looking for! Perfect!
465,twitter,x,"Standard product, nothing extraordinary."
466,twitter,x,Terrible experience! Waste of money! 😡
469,twitter,x,"Standard product, nothing extraordinary."
472,twitter,x,Fantastic experience with customer support!
479,twitter,x,Great service and excellent quality! 👏
481,twitter,x,"Standard product, nothing extraordinary."
483,twitter,x,"Standard product, nothing extraordinary."
484,twitter,x,Average experience overall.
488,twitter,x,Exceeded my expectations! Amazing product!
489,twitter,x,This is exactly what I was looking for! Perfect!
490,twitter,x,Fantastic experience with customer support!
494,twitter,x,Great service and excellent quality! 👏
495,twitter,x,"Average quality, meets basic expectations."
497,twitter,x,This is exactly what I was looking for! Perfect!
499,twitter,x,"Standard product, nothing extraordinary."
501,twitter,x,"Average quality, meets basic expectations."
506,twitter,x,Great service and excellent quality! 👏
507,twitter,x,Exceeded my expectations! Amazing product!
508,twitter,x,Great service and excellent quality! 👏
510,twitter,x,"Average quality, meets basic expectations."
511,twitter,x,Terrible experience! Waste of money! 😡
514,twitter,x,Exceeded my expectations! Amazing product!
517,twitter,x,Great service and excellent quality! 👏
525,twitter,x,Great service and excellent quality! 👏
528,twitter,x,"Average quality, meets basic expectations."
529,twitter,x,"Standard product, nothing extraordinary."
538,twitter,x,Terrible experience! Waste of money! 😡
540,twitter,x,Terrible experience! Waste of money! 😡
541,twitter,x,Terrible experience! Waste of money! 😡
542,twitter,x,Exceeded my expectations! Amazing product!
544,twitter,x,Average experience overall.
546,twitter,x,"Standard product, nothing extraordinary."
549,twitter,x,Great service and excellent quality! 👏
558,twitter,x,"Average quality, meets basic expectations."
561,twitter,x,"Standard product, nothing extraordinary."
566,twitter,x,"Standard product, nothing extraordinary."
571,twitter,x,Average experience overall.
572,twitter,x,"Standard product, nothing extraordinary."
585,twitter,x,Terrible experience! Waste of money! 😡
586,twitter,x,"Standard product, nothing extraordinary."
589,twitter,x,"Standard product, nothing extraordinary."
594,twitter,x,"Standard product, nothing extraordinary."
595,twitter,x,Great service and excellent quality! 👏
601,twitter,x,"Average quality, meets basic expectations."
605,twitter,x,"Average quality, meets basic expectations."
606,twitter,x,Exceeded my expectations! Amazing product!
607,twitter,x,Terrible experience! Waste of money! 😡
612,twitter,x,Exceeded my expectations! Amazing product!
617,twitter,x,This is exactly what I was looking for! Perfect!
618,twitter,x,Fantastic experience with customer support!
620,twitter,x,Terrible experience! Waste of money! 😡
622,twitter,x,Great service and excellent quality! 👏
626,twitter,x,Great service and excellent quality! 👏
627,twitter,x,Great service and excellent quality! 👏
629,twitter,x,Great service and excellent quality! 👏
631,twitter,x,Exceeded my expectations! Amazing product!
632,twitter,x,This is exactly what I was looking for! Perfect!
635,twitter,x,Exceeded my expectations! Amazing product!
637,twitter,x,Average experience overall.
640,twitter,x,"Standard product, nothing extraordinary."
641,twitter,x,Terrible experience! Waste of money! 😡
663,twitter,x,This is exactly what I was looking for! Perfect!
666,twitter,x,Great service and excellent quality! 👏
668,twitter,x,"Standard product, nothing extraordinary."
674,twitter,x,Terrible experience! Waste of money! 😡
675,twitter,x,Terrible experience! Waste of money! 😡
677,twitter,x,This is exactly what I was looking for! Perfect!
678,twitter,x,Average experience overall.
683,twitter,x,"Average quality, meets basic expectations."
685,twitter,x,"Average quality, meets basic expectations."
690,twitter,x,Average experience overall.
691,twitter,x,Average experience overall.
692,twitter,x,Great service and excellent quality! 👏
698,twitter,x,Terrible experience! Waste of money! 😡
709,twitter,x,"Standard product, nothing extraordinary."
719,twitter,x,Terrible experience! Waste of money! 😡
721,twitter,x,Exceeded my expectations! Amazing product!
722,twitter,x,Great service and excellent quality! 👏
726,twitter,x,This is exactly what I was looking for! Perfect!
727,twitter,x,Great service and excellent quality! 👏
731,twitter,x,Exceeded my expectations! Amazing product!
733,twitter,x,Great service and excellent quality! 👏
734,twitter,x,Average experience overall.
736,twitter,x,Exceeded my expectations! Amazing product!
737,twitter,x,Fantastic experience with customer support!
739,twitter,x,Fantastic experience with customer support!
741,twitter,x,Fantastic experience with customer support!
746,twitter,x,Exceeded my expectations! Amazing product!
750,twitter,x,Terrible experience! Waste of money! 😡
755,twitter,x,Fantastic experience with customer support!
760,twitter,x,Average experience overall.
761,twitter,x,Fantastic experience with customer support!
762,twitter,x,Exceeded my expectations! Amazing product!
764,twitter,x,"Standard product, nothing extraordinary."
766,twitter,x,Fantastic experience with customer support!
773,twitter,x,Great service and excellent quality! 👏
774,twitter,x,Average experience overall.
775,twitter,x,Average experience overall.
776,twitter,x,This is exactly what I was looking for! Perfect!
779,twitter,x,Average experience overall.
784,twitter,x,Average experience overall.
786,twitter,x,"Standard product, nothing extraordinary."
796,twitter,x,This is exactly what I was looking for! Perfect!
801,twitter,x,This is exactly what I was looking for! Perfect!
805,twitter,x,Average experience overall.
808,twitter,x,This is exactly what I was looking for! Perfect!
811,twitter,x,This is exactly what I was looking for! Perfect!
813,twitter,x,Great service and excellent quality! 👏
823,twitter,x,"Average quality, meets basic expectations."
825,twitter,x,Great service and excellent quality! 👏
826,twitter,x,Fantastic experience with customer support!
833,twitter,x,"Standard product, nothing extraordinary."
841,twitter,x,Exceeded my expectations! Amazing product!
843,twitter,x,Fantastic experience with customer support!
845,twitter,x,"Average quality, meets basic expectations."
847,twitter,x,"Standard product, nothing extraordinary."
848,twitter,x,Average experience overall.
849,twitter,x,"Average quality, meets basic expectations."
851,twitter,x,This is exactly what I was looking for! Perfect!
852,twitter,x,Exceeded my expectations! Amazing product!
853,twitter,x,"Standard product, nothing extraordinary."
855,twitter,x,Exceeded my expectations! Amazing product!
858,twitter,x,"Standard product, nothing extraordinary."
859,twitter,x,Terrible experience! Waste of money! 😡
866,twitter,x,Great service and excellent quality! 👏
872,twitter,x,This is exactly what I was looking for! Perfect!
878,twitter,x,Exceeded my expectations! Amazing product!
880,twitter,x,Terrible experience! Waste of money! 😡
881,twitter,x,Exceeded my expectations! Amazing product!
884,twitter,x,Great service and excellent quality! 👏
887,twitter,x,"Average quality, meets basic expectations."
898,twitter,x,"Average quality, meets basic expectations."
902,twitter,x,"Standard product, nothing extraordinary."
905,twitter,x,This is exactly what I was looking for! Perfect!
907,twitter,x,This is exactly what I was looking for! Perfect!
910,twitter,x,This is exactly what I was looking for! Perfect!
916,twitter,x,"Average quality, meets basic expectations."
918,twitter,x,"Average quality, meets basic expectations."
926,twitter,x,"Average quality, meets basic expectations."
929,twitter,x,This is exactly what I was looking for! Perfect!
931,twitter,x,"Standard product, nothing extraordinary."
935,twitter,x,Fantastic experience with customer support!
948,twitter,x,Great service and excellent quality! 👏
951,twitter,x,Average experience overall.
960,twitter,x,This is exactly what I was looking for! Perfect!
965,twitter,x,"Average quality, meets basic expectations."
966,twitter,x,Great service and excellent quality! 👏
969,twitter,x,Terrible experience! Waste of money! 😡
975,twitter,x,Terrible experience! Waste of money! 😡
980,twitter,x,This is exactly what I was looking for! Perfect!
994,twitter,x,"Standard product, nothing extraordinary."
998,twitter,x,Terrible experience! Waste of money! 😡
999,twitter,x,Terrible experience! Waste of money! 😡
1000,twitter,x,"Standard product, nothing extraordinary."
1016,twitter,x,Fantastic experience with customer support!
1025,twitter,x,This is exactly what I was looking for! Perfect!
1028,twitter,x,"Standard product, nothing extraordinary."
1031,twitter,x,"Standard product, nothing extraordinary."
1036,twitter,x,Fantastic experience with customer support!
1038,twitter,x,Great service and excellent quality! 👏
1040,twitter,x,Terrible experience! Waste of money! 😡
1049,twitter,x,"Average quality, meets basic expectations."
1052,twitter,x,Terrible experience! Waste of money! 😡
1053,twitter,x,Terrible experience! Waste of money! 😡
1059,twitter,x,Exceeded my expectations! Amazing product!
1068,twitter,x,Great service and excellent quality! 👏
1069,twitter,x,Fantastic experience with customer support!
1078,twitter,x,"Average quality, meets basic expectations."
1080,twitter,x,This is exactly what I was looking for! Perfect!
1090,twitter,x,Terrible experience! Waste of money! 😡
1092,twitter,x,Great service and excellent quality! 👏
1093,twitter,x,Average experience overall.
1094,twitter,x,"Average quality, meets basic expectations."
1107,twitter,x,Terrible experience! Waste of money! 😡
1109,twitter,x,Great service and excellent quality! 👏
1111,twitter,x,This is exactly what I was looking for! Perfect!
1113,twitter,x,Exceeded my expectations! Amazing product!
1116,twitter,x,Great service and excellent quality! 👏
1119,twitter,x,"Average quality, meets basic expectations."
1120,twitter,x,Fantastic experience with customer support!
1122,twitter,x,Fantastic experience with customer support!
1125,twitter,x,Great service and excellent quality! 👏
1128,twitter,x,"Standard product, nothing extraordinary."
1130,twitter,x,Terrible experience! Waste of money! 😡
1134,twitter,x,Fantastic experience with customer support!
1135,twitter,x,"Average quality, meets basic expectations."
1139,twitter,x,Fantastic experience with customer support!
1142,twitter,x,Exceeded my expectations! Amazing product!
1143,twitter,x,This is exactly what I was looking for! Perfect!
1153,twitter,x,"Standard product, nothing extraordinary."
1157,twitter,x,"Standard product, nothing extraordinary."
1158,twitter,x,Average experience overall.
1165,twitter,x,Average experience overall.
1167,twitter,x,This is exactly what I was looking for! Perfect!
1172,twitter,x,Great service and excellent quality! 👏
1174,twitter,x,"Standard product, nothing extraordinary."
1175,twitter,x,This is exactly what I was looking for! Perfect!
1178,twitter,x,"Standard product, nothing extraordinary."
1180,twitter,x,"Standard product, nothing extraordinary."
1186,twitter,x,Great service and excellent quality! 👏
1188,twitter,x,"Average quality, meets basic expectations."
1196,twitter,x,Great service and excellent quality! 👏
1200,twitter,x,Great service and excellent quality! 👏
1205,twitter,x,This is exactly what I was looking for! Perfect!
1207,twitter,x,Fantastic experience with customer support!
1212,twitter,x,"Standard product, nothing extraordinary."
1214,twitter,x,Average experience overall.
1215,twitter,x,"Average quality, meets basic expectations."
1218,twitter,x,This is exactly what I was looking for! Perfect!
1219,twitter,x,"Standard product, nothing extraordinary."
1222,twitter,x,"Average quality, meets basic expectations."
1224,twitter,x,Exceeded my expectations! Amazing product!
1226,twitter,x,Average experience overall.
1228,twitter,x,Terrible experience! Waste of money! 😡
1233,twitter,x,This is exactly what I was looking for! Perfect!
1236,twitter,x,This is exactly what I was looking for! Perfect!
1237,twitter,x,"Average quality, meets basic expectations."
1238,twitter,x,Great service and excellent quality! 👏
1240,twitter,x,Average experience overall.
1243,twitter,x,Exceeded my expectations! Amazing product!
1248,twitter,x,"Average quality, meets basic expectations."
1249,twitter,x,"Average quality, meets basic expectations."
1252,twitter,x,Great service and excellent quality! 👏
1253,twitter,x,Fantastic experience with customer support!
1256,twitter,x,"Standard product, nothing extraordinary."
1258,twitter,x,Average experience overall.
1259,twitter,x,Great service and excellent quality! 👏
1260,twitter,x,Terrible experience! Waste of money! 😡
1277,twitter,x,Average experience overall.
1280,twitter,x,Fantastic experience with customer support!
1283,twitter,x,"Standard product, nothing extraordinary."
1288,twitter,x,Great service and excellent quality! 👏
1289,twitter,x,Terrible experience! Waste of money! 😡
1293,twitter,x,Average experience overall.
1294,twitter,x,"Average quality, meets basic expectations."
1295,twitter,x,"Standard product, nothing extraordinary."
1303,twitter,x,"Average quality, meets basic expectations."
1307,twitter,x,"Standard product, nothing extraordinary."
1313,twitter,x,Great service and excellent quality! 👏
1315,twitter,x,This is exactly what I was looking for! Perfect!
1317,twitter,x,"Average quality, meets basic expectations."
1322,twitter,x,Exceeded my expectations! Amazing product!
1324,twitter,x,Terrible experience! Waste of money! 😡
1325,twitter,x,"Standard product, nothing extraordinary."
1327,twitter,x,This is exactly what I was looking for! Perfect!
1340,twitter,x,Fantastic experience with customer support!
1343,twitter,x,Great service and excellent quality! 👏
1352,twitter,x,Fantastic experience with customer support!
1357,twitter,x,This is exactly what I was looking for! Perfect!
1362,twitter,x,"Average quality, meets basic expectations."
1364,twitter,x,Terrible experience! Waste of money! 😡
1365,twitter,x,Exceeded my expectations! Amazing product!
1371,twitter,x,Great service and excellent quality! 👏
1380,twitter,x,Great service and excellent quality! 👏
1381,twitter,x,Terrible experience! Waste of money! 😡
1383,twitter,x,Fantastic experience with customer support!
1384,twitter,x,Average experience overall.
1385,twitter,x,Great service and excellent quality! 👏
1387,twitter,x,"Standard product, nothing extraordinary."
1395,twitter,x,"Standard product, nothing extraordinary."
1397,twitter,x,"Average quality, meets basic expectations."
1398,twitter,x,Great service and excellent quality! 👏
1400,twitter,x,Terrible experience! Waste of money! 😡
1401,twitter,x,"Standard product, nothing extraordinary."
1403,twitter,x,Exceeded my expectations! Amazing product!
1406,twitter,x,Exceeded my expectations! Amazing product!
1410,twitter,x,"Average quality, meets basic expectations."
1411,twitter,x,Fantastic experience with customer support!
1419,twitter,x,This is exactly what I was looking for! Perfect!
1420,twitter,x,"Average quality, meets basic expectations."
1426,twitter,x,Fantastic experience with customer support!
1427,twitter,x,Terrible experience! Waste of money! 😡
1430,twitter,x,Great service and excellent quality! 👏
1435,twitter,x,Great service and excellent quality! 👏
1437,twitter,x,Exceeded my expectations! Amazing product!
1442,twitter,x,Great service and excellent quality! 👏
1443,twitter,x,"Standard product, nothing extraordinary."
1445,twitter,x,"Standard product, nothing extraordinary."
1450,twitter,x,Great service and excellent quality! 👏
1454,twitter,x,Average experience overall.
1457,twitter,x,"Standard product, nothing extraordinary."
1458,twitter,x,Average experience overall.
1462,twitter,x,Fantastic experience with customer support!
1465,twitter,x,Exceeded my expectations! Amazing product!
1467,twitter,x,"Average quality, meets basic expectations."
1471,twitter,x,"Average quality, meets basic expectations."
1476,twitter,x,Terrible experience! Waste of money! 😡
1478,twitter,x,"Average quality, meets basic expectations."
1479,twitter,x,"Average quality, meets basic expectations."
1480,twitter,x,Average experience overall.
1482,twitter,x,Terrible experience! Waste of money! 😡
1485,twitter,x,This is exactly what I was looking for! Perfect!
1486,twitter,x,"Standard product, nothing extraordinary."
1489,twitter,x,Fantastic experience with customer support!
1500,twitter,x,Terrible experience! Waste of money! 😡
1504,twitter,x,Terrible experience! Waste of money! 😡
1512,twitter,x,This is exactly what I was looking for! Perfect!
1515,twitter,x,Great service and excellent quality! 👏
1516,twitter,x,Exceeded my expectations! Amazing product!
1520,twitter,x,Terrible experience! Waste of money! 😡
1523,twitter,x,"Average quality, meets basic expectations."
1525,twitter,x,Exceeded my expectations! Amazing product!
1526,twitter,x,"Standard product, nothing extraordinary."
1529,twitter,x,Terrible experience! Waste of money! 😡
1534,twitter,x,Terrible experience! Waste of money! 😡
1541,twitter,x,This is exactly what I was looking for! Perfect!
1542,twitter,x,Fantastic experience with customer support!
1543,twitter,x,Terrible experience! Waste of money! 😡
1545,twitter,x,Terrible experience! Waste of money! 😡
1547,twitter,x,This is exactly what I was looking for! Perfect!
1548,twitter,x,Great service and excellent quality! 👏
1552,twitter,x,Average experience overall.
1554,twitter,x,"Average quality, meets basic expectations."
1556,twitter,x,Average experience overall.
1559,twitter,x,Average experience overall.
1561,twitter,x,This is exactly what I was looking for! Perfect!
1565,twitter,x,Terrible experience! Waste of money! 😡
1571,twitter,x,"Average quality, meets basic expectations."
1572,twitter,x,Fantastic experience with customer support!
1575,twitter,x,Average experience overall.
1576,twitter,x,Average experience overall.
1578,twitter,x,Terrible experience! Waste of money! 😡
1581,twitter,x,"Average quality, meets basic expectations."
1586,twitter,x,This is exactly what I was looking for! Perfect!
1587,twitter,x,"Standard product, nothing extraordinary."
1588,twitter,x,"Average quality, meets basic expectations."
1590,twitter,x,Terrible experience! Waste of money! 😡
1595,twitter,x,"Average quality, meets basic expectations."
1596,twitter,x,Terrible experience! Waste of money! 😡
1599,twitter,x,Average experience overall.
1602,twitter,x,Average experience overall.
1604,twitter,x,"Standard product, nothing extraordinary."
1607,twitter,x,"Average quality, meets basic expectations."
1611,twitter,x,Terrible experience! Waste of money! 😡
1618,twitter,x,This is exactly what I was looking for! Perfect!
1628,twitter,x,Terrible experience! Waste of money! 😡
1638,twitter,x,This is exactly what I was looking for! Perfect!
1643,twitter,x,Great service and excellent quality! 👏
1645,twitter,x,Great service and excellent quality! 👏
1654,twitter,x,Exceeded my expectations! Amazing product!
1655,twitter,x,This is exactly what I was looking for! Perfect!
1660,twitter,x,"Average quality, meets basic expectations."
1661,twitter,x,Great service and excellent quality! 👏
1671,twitter,x,"Average quality, meets basic expectations."
1675,twitter,x,This is exactly what I was looking for! Perfect!
1676,twitter,x,This is exactly what I was looking for! Perfect!
1678,twitter,x,Terrible experience! Waste of money! 😡
1679,twitter,x,Average experience overall.
1684,twitter,x,"Standard product, nothing extraordinary."
1685,twitter,x,Exceeded my expectations! Amazing product!
1690,twitter,x,Fantastic experience with customer support!
1695,twitter,x,"Average quality, meets basic expectations."
1701,twitter,x,Average experience overall.
1706,twitter,x,This is exactly what I was looking for! Perfect!
1717,twitter,x,"Average quality, meets basic expectations."
1718,twitter,x,Exceeded my expectations! Amazing product!
1721,twitter,x,"Average quality, meets basic expectations."
1731,twitter,x,Average experience overall.
1732,twitter,x,Exceeded my expectations! Amazing product!
1734,twitter,x,"Average quality, meets basic expectations."
1736,twitter,x,Terrible experience! Waste of money! 😡
1744,twitter,x,Great service and excellent quality! 👏
1745,twitter,x,Great service and excellent quality! 👏
1751,twitter,x,"Standard product, nothing extraordinary."
1752,twitter,x,This is exactly what I was looking for! Perfect!
1754,twitter,x,Great service and excellent quality! 👏
1756,twitter,x,Terrible experience! Waste of money! 😡
1757,twitter,x,Exceeded my expectations! Amazing product!
1758,twitter,x,Fantastic experience with customer support!
1760,twitter,x,Terrible experience! Waste of money! 😡
1773,twitter,x,This is exactly what I was looking for! Perfect!
1776,twitter,x,This is exactly what I was looking for! Perfect!
1785,twitter,x,Fantastic experience with customer support!
1787,twitter,x,Exceeded my expectations! Amazing product!
1791,twitter,x,Fantastic experience with customer support!
1794,twitter,x,Terrible experience! Waste of money! 😡
1796,twitter,x,Great service and excellent quality! 👏
1805,twitter,x,Exceeded my expectations! Amazing product!
1808,twitter,x,Fantastic experience with customer support!
1814,twitter,x,"Average quality, meets basic expectations."
1817,twitter,x,Fantastic experience with customer support!
1818,twitter,x,Terrible experience! Waste of money! 😡
1820,twitter,x,Fantastic experience with customer support!
1823,twitter,x,Great service and excellent quality! 👏
1833,twitter,x,Exceeded my expectations! Amazing product!
1841,twitter,x,Fantastic experience with customer support!
1850,twitter,x,"Standard product, nothing extraordinary."
1855,twitter,x,"Standard product, nothing extraordinary."
1857,twitter,x,"Average quality, meets basic expectations."
1859,twitter,x,Great service and excellent quality! 👏
1864,twitter,x,Fantastic experience with customer support!
1866,twitter,x,Terrible experience! Waste of money! 😡
1870,twitter,x,Exceeded my expectations! Amazing product!
1879,twitter,x,Fantastic experience with customer support!
1881,twitter,x,Exceeded my expectations! Amazing product!
1884,twitter,x,"Average quality, meets basic expectations."
1893,twitter,x,Fantastic experience with customer support!
1895,twitter,x,Terrible experience! Waste of money! 😡
1899,twitter,x,Exceeded my expectations! Amazing product!
1900,twitter,x,Average experience overall.
1902,twitter,x,Exceeded my expectations! Amazing product!
1905,twitter,x,"Average quality, meets basic expectations."
1906,twitter,x,This is exactly what I was looking for! Perfect!
1909,twitter,x,"Standard product, nothing extraordinary."
1916,twitter,x,This is exactly what I was looking for! Perfect!
1922,twitter,x,"Average quality, meets basic expectations."
1925,twitter,x,Terrible experience! Waste of money! 😡
1926,twitter,x,This is exactly what I was looking for! Perfect!
1928,twitter,x,"Standard product, nothing extraordinary."
1931,twitter,x,This is exactly what I was looking for! Perfect!
1933,twitter,x,"Average quality, meets basic expectations."
1934,twitter,x,Terrible experience! Waste of money! 😡
1937,twitter,x,Great service and excellent quality! 👏
1944,twitter,x,This is exactly what I was looking for! Perfect!
1947,twitter,x,This is exactly what I was looking for! Perfect!
1948,twitter,x,"Average quality, meets basic expectations."
1951,twitter,x,Terrible experience! Waste of money! 😡
1954,twitter,x,"Average quality, meets basic expectations."
1955,twitter,x,"Standard product, nothing extraordinary."
1958,twitter,x,"Standard product, nothing extraordinary."
1960,twitter,x,Average experience overall.
1961,twitter,x,Exceeded my expectations! Amazing product!
1963,twitter,x,"Average quality, meets basic expectations."
1964,twitter,x,This is exactly what I was looking for! Perfect!
1965,twitter,x,"Standard product, nothing extraordinary."
1972,twitter,x,Terrible experience! Waste of money! 😡
1975,twitter,x,Exceeded my expectations! Amazing product!
1976,twitter,x,Fantastic experience with customer support!
1983,twitter,x,Average experience overall.
1987,twitter,x,This is exactly what I was looking for! Perfect!
1991,twitter,x,"Average quality, meets basic expectations."
1995,twitter,x,Exceeded my expectations! Amazing product!
1998,twitter,x,Great service and excellent quality! 👏
1999,twitter,x,Terrible experience! Waste of money! 😡
2000,twitter,x,"Average quality, meets basic expectations."
2004,twitter,x,"Average quality, meets basic expectations."
2016,twitter,x,Great service and excellent quality! 👏
2024,twitter,x,"Standard product, nothing extraordinary."
2027,twitter,x,Great service and excellent quality! 👏
2031,twitter,x,"Average quality, meets basic expectations."
2033,twitter,x,"Standard product, nothing extraordinary."
2034,twitter,x,"Standard product, nothing extraordinary."
2042,twitter,x,Terrible experience! Waste of money! 😡
2049,twitter,x,"Standard product, nothing extraordinary."
2050,twitter,x,Average experience overall.
2052,twitter,x,Great service and excellent quality! 👏
2053,twitter,x,Terrible experience! Waste of money! 😡
2057,twitter,x,"Average quality, meets basic expectations."
2058,twitter,x,"Average quality, meets basic expectations."
2066,twitter,x,Great service and excellent quality! 👏
2072,twitter,x,Average experience overall.
2073,twitter,x,"Standard product, nothing extraordinary."
2076,twitter,x,"Average quality, meets basic expectations."
2082,twitter,x,Average experience overall.
2093,twitter,x,Great service and excellent quality! 👏
2098,twitter,x,Fantastic experience with customer support!
2101,twitter,x,Average experience overall.
2102,twitter,x,Average experience overall.
2104,twitter,x,This is exactly what I was looking for! Perfect!
2110,twitter,x,"Standard product, nothing extraordinary."
2115,twitter,x,This is exactly what I was looking for! Perfect!
2117,twitter,x,"Average quality, meets basic expectations."
2118,twitter,x,Exceeded my expectations! Amazing product!
2126,twitter,x,"Average quality, meets basic expectations."
2127,twitter,x,"Average quality, meets basic expectations."
2131,twitter,x,Average experience overall.
2140,twitter,x,Average experience overall.
2143,twitter,x,Average experience overall.
2146,twitter,x,Exceeded my expectations! Amazing product!
2147,twitter,x,Fantastic experience with customer support!
2150,twitter,x,"Average quality, meets basic expectations."
2152,twitter,x,This is exactly what I was looking for! Perfect!
2155,twitter,x,Average experience overall.
2157,twitter,x,Fantastic experience with customer support!
2162,twitter,x,Terrible experience! Waste of money! 😡
2170,twitter,x,"Standard product, nothing extraordinary."
2176,twitter,x,Exceeded my expectations! Amazing product!
2182,twitter,x,Fantastic experience with customer support!
2184,twitter,x,Exceeded my expectations! Amazing product!
2186,twitter,x,Fantastic experience with customer support!
2187,twitter,x,This is exactly what I was looking for! Perfect!
2193,twitter,x,"Average quality, meets basic expectations."
2204,twitter,x,Great service and excellent quality! 👏
2209,twitter,x,"Standard product, nothing extraordinary."
2210,twitter,x,Fantastic experience with customer support!
2216,twitter,x,"Standard product, nothing extraordinary."
2223,twitter,x,This is exactly what I was looking for! Perfect!
2233,twitter,x,Terrible experience! Waste of money! 😡
2234,twitter,x,This is exactly what I was looking for! Perfect!
2235,twitter,x,Exceeded my expectations! Amazing product!
2236,twitter,x,Average experience overall.
2237,twitter,x,Great service and excellent quality! 👏
2239,twitter,x,Average experience overall.
2242,twitter,x,Fantastic experience with customer support!
2243,twitter,x,Terrible experience! Waste of money! 😡
2252,twitter,x,Exceeded my expectations! Amazing product!
2257,twitter,x,This is exactly what I was looking for! Perfect!
2260,twitter,x,Great service and excellent quality! 👏
2272,twitter,x,Terrible experience! Waste of money! 😡
2273,twitter,x,Average experience overall.
2275,twitter,x,This is exactly what I was looking for! Perfect!
2277,twitter,x,"Standard product, nothing extraordinary."
2278,twitter,x,This is exactly what I was looking for! Perfect!
2280,twitter,x,Fantastic experience with customer support!
2281,twitter,x,"Average quality, meets basic expectations."
2283,twitter,x,Fantastic experience with customer support!
2297,twitter,x,Great service and excellent quality! 👏
2298,twitter,x,"Standard product, nothing extraordinary."
2300,twitter,x,"Standard product, nothing extraordinary."
2308,twitter,x,This is exactly what I was looking for! Perfect!
2309,twitter,x,"Average quality, meets basic expectations."
2315,twitter,x,"Standard product, nothing extraordinary."
2317,twitter,x,Fantastic experience with customer support!
2324,twitter,x,Great service and excellent quality! 👏
2326,twitter,x,"Average quality, meets basic expectations."
2328,twitter,x,Average experience overall.
2331,twitter,x,"Average quality, meets basic expectations."
2333,twitter,x,Fantastic experience with customer support!
2335,twitter,x,Average experience overall.
2343,twitter,x,Terrible experience! Waste of money! 😡
2344,twitter,x,"Average quality, meets basic expectations."
2345,twitter,x,Fantastic experience with customer support!
2349,twitter,x,"Standard product, nothing extraordinary."
2355,twitter,x,This is exactly what I was looking for! Perfect!
2357,twitter,x,"Standard product, nothing extraordinary."
2360,twitter,x,Terrible experience! Waste of money! 😡
2361,twitter,x,Great service and excellent quality! 👏
2365,twitter,x,This is exactly what I was looking for! Perfect!
2370,twitter,x,Fantastic experience with customer support!
2371,twitter,x,This is exactly what I was looking for! Perfect!
2374,twitter,x,Terrible experience! Waste of money! 😡
2375,twitter,x,"Average quality, meets basic expectations."
2381,twitter,x,Exceeded my expectations! Amazing product!
2393,twitter,x,"Standard product, nothing extraordinary."
2395,twitter,x,Average experience overall.
2396,twitter,x,Fantastic experience with customer support!
2397,twitter,x,"Average quality, meets basic expectations."
2402,twitter,x,Terrible experience! Waste of money! 😡
2411,twitter,x,Terrible experience! Waste of money! 😡
2414,twitter,x,Great service and excellent quality! 👏
2420,twitter,x,Terrible experience! Waste of money! 😡
2422,twitter,x,Terrible experience! Waste of money! 😡
2429,twitter,x,Terrible experience! Waste of money! 😡
2438,twitter,x,Fantastic experience with customer support!
2449,twitter,x,Great service and excellent quality! 👏
2453,twitter,x,This is exactly what I was looking for! Perfect!
2454,twitter,x,This is exactly what I was looking for! Perfect!
2457,twitter,x,This is exactly what I was looking for! Perfect!
2459,twitter,x,This is exactly what I was looking for! Perfect!
2460,twitter,x,"Average quality, meets basic expectations."
2462,twitter,x,"Average quality, meets basic expectations."
2465,twitter,x,Average experience overall.
2471,twitter,x,Great service and excellent quality! 👏
2480,twitter,x,Average experience overall.
2502,twitter,x,This is exactly what I was looking for! Perfect!
2512,twitter,x,Great service and excellent quality! 👏
2526,twitter,x,"Average quality, meets basic expectations."
2527,twitter,x,Fantastic experience with customer support!
2530,twitter,x,"Average quality, meets basic expectations."
2531,twitter,x,Great service and excellent quality! 👏
2534,twitter,x,Exceeded my expectations! Amazing product!
2536,twitter,x,Fantastic experience with customer support!
2537,twitter,x,Terrible experience! Waste of money! 😡
2539,twitter,x,Average experience overall.
2540,twitter,x,Average experience overall.
2541,twitter,x,Average experience overall.
2542,twitter,x,This is exactly what I was looking for! Perfect!
2544,twitter,x,Exceeded my expectations! Amazing product!
2546,twitter,x,This is exactly what I was looking for! Perfect!
2550,twitter,x,"Standard product, nothing extraordinary."
2553,twitter,x,Great service and excellent quality! 👏
2558,twitter,x,"Average quality, meets basic expectations."
2565,twitter,x,Fantastic experience with customer support!
2567,twitter,x,"Average quality, meets basic expectations."
2570,twitter,x,"Standard product, nothing extraordinary."
2572,twitter,x,Terrible experience! Waste of money! 😡
2589,twitter,x,Average experience overall.
2592,twitter,x,"Standard product, nothing extraordinary."
2594,twitter,x,Exceeded my expectations! Amazing product!
2595,twitter,x,"Average quality, meets basic expectations."
2602,twitter,x,Exceeded my expectations! Amazing product!
2604,twitter,x,"Standard product, nothing extraordinary."
2605,twitter,x,Exceeded my expectations! Amazing product!
2608,twitter,x,Terrible experience! Waste of money! 😡
2611,twitter,x,This is exactly what I was looking for! Perfect!
2616,twitter,x,"Standard product, nothing extraordinary."
2621,twitter,x,This is exactly what I was looking for! Perfect!
2624,twitter,x,Great service and excellent quality! 👏
2625,twitter,x,Fantastic experience with customer support!
2630,twitter,x,Great service and excellent quality! 👏
2639,twitter,x,"Average quality, meets basic expectations."
2657,twitter,x,"Standard product, nothing extraordinary."
2658,twitter,x,"Standard product, nothing extraordinary."
2660,twitter,x,"Standard product, nothing extraordinary."
2663,twitter,x,This is exactly what I was looking for! Perfect!
2664,twitter,x,Terrible experience! Waste of money! 😡
2665,twitter,x,"Average quality, meets basic expectations."
2666,twitter,x,"Standard product, nothing extraordinary."
2670,twitter,x,Average experience overall.
2680,twitter,x,Average experience overall.
2683,twitter,x,Average experience overall.
2691,twitter,x,"Standard product, nothing extraordinary."
2694,twitter,x,"Average quality, meets basic expectations."
2696,twitter,x,"Standard product, nothing extraordinary."
2701,twitter,x,"Average quality, meets basic expectations."
2702,twitter,x,"Average quality, meets basic expectations."
2707,twitter,x,Exceeded my expectations! Amazing product!
2708,twitter,x,Fantastic experience with customer support!
2715,twitter,x,"Average quality, meets basic expectations."
2716,twitter,x,Great service and excellent quality! 👏
2717,twitter,x,Exceeded my expectations! Amazing product!
2726,twitter,x,Fantastic experience with customer support!
2728,twitter,x,This is exactly what I was looking for! Perfect!
2730,twitter,x,Average experience overall.
2731,twitter,x,Fantastic experience with customer support!
2737,twitter,x,"Standard product, nothing extraordinary."
2738,twitter,x,Terrible experience! Waste of money! 😡
2743,twitter,x,Average experience overall.
2745,twitter,x,Average experience overall.
2748,twitter,x,Average experience overall.
2753,twitter,x,Average experience overall.
2757,twitter,x,Exceeded my expectations! Amazing product!
2764,twitter,x,Average experience overall.
2775,twitter,x,This is exactly what I was looking for! Perfect!
2781,twitter,x,This is exactly what I was looking for! Perfect!
2782,twitter,x,"Standard product, nothing extraordinary."
2784,twitter,x,"Standard product, nothing extraordinary."
2787,twitter,x,"Standard product, nothing extraordinary."
2789,twitter,x,Terrible experience! Waste of money! 😡
2795,twitter,x,Exceeded my expectations! Amazing product!
2796,twitter,x,Average experience overall.
2799,twitter,x,This is exactly what I was looking for! Perfect!
2804,twitter,x,"Standard product, nothing extraordinary."
2810,twitter,x,Exceeded my expectations! Amazing product!
2811,twitter,x,This is exactly what I was looking for! Perfect!
2812,twitter,x,"Average quality, meets basic expectations."
2813,twitter,x,"Average quality, meets basic expectations."
2818,twitter,x,Great service and excellent quality! 👏
2820,twitter,x,Terrible experience! Waste of money! 😡
2828,twitter,x,Terrible experience! Waste of money! 😡
2834,twitter,x,Average experience overall.
2837,twitter,x,This is exactly what I was looking for! Perfect!
2843,twitter,x,Fantastic experience with customer support!
2846,twitter,x,Terrible experience! Waste of money! 😡
2847,twitter,x,"Average quality, meets basic expectations."
2851,twitter,x,Great service and excellent quality! 👏
2852,twitter,x,Fantastic experience with customer support!
2853,twitter,x,Exceeded my expectations! Amazing product!
2856,twitter,x,"Average quality, meets basic expectations."
2858,twitter,x,This is exactly what I was looking for! Perfect!
2871,twitter,x,Great service and excellent quality! 👏
2872,twitter,x,Exceeded my expectations! Amazing product!
2873,twitter,x,Exceeded my expectations! Amazing product!
2877,twitter,x,"Average quality, meets basic expectations."
2879,twitter,x,Average experience overall.
2896,twitter,x,"Standard product, nothing extraordinary."
2901,twitter,x,Great service and excellent quality! 👏
2904,twitter,x,Fantastic experience with customer support!
2907,twitter,x,Exceeded my expectations! Amazing product!
2909,twitter,x,This is exactly what I was looking for! Perfect!
2913,twitter,x,"Average quality, meets basic expectations."
2921,twitter,x,Exceeded my expectations! Amazing product!
2922,twitter,x,Average experience overall.
2928,twitter,x,"Standard product, nothing extraordinary."
2933,twitter,x,"Average quality, meets basic expectations."
2935,twitter,x,"Standard product, nothing extraordinary."
2938,twitter,x,Fantastic experience with customer support!
2942,twitter,x,Great service and excellent quality! 👏
2947,twitter,x,This is exactly what I was looking for! Perfect!
2956,twitter,x,Great service and excellent quality! 👏
2967,twitter,x,Average experience overall.
2970,twitter,x,This is exactly what I was looking for! Perfect!
2977,twitter,x,Exceeded my expectations! Amazing product!
2979,twitter,x,"Standard product, nothing extraordinary."
2982,twitter,x,This is exactly what I was looking for! Perfect!
2984,twitter,x,Fantastic experience with customer support!
2985,twitter,x,"Average quality, meets basic expectations."
2990,twitter,x,Exceeded my expectations! Amazing product!
3002,twitter,x,Average experience overall.
3003,twitter,x,Average experience overall.
3005,twitter,x,Average experience overall.
3008,twitter,x,Exceeded my expectations! Amazing product!
3009,twitter,x,Great service and excellent quality! 👏
3015,twitter,x,This is exactly what I was looking for! Perfect!
3017,twitter,x,Great service and excellent quality! 👏
3018,twitter,x,Average experience overall.
3019,twitter,x,"Standard product, nothing extraordinary."
3021,twitter,x,Terrible experience! Waste of money! 😡
3023,twitter,x,Exceeded my expectations! Amazing product!
3028,twitter,x,Exceeded my expectations! Amazing product!
3029,twitter,x,Average experience overall.
3031,twitter,x,Terrible experience! Waste of money! 😡
3032,twitter,x,Great service and excellent quality! 👏
3033,twitter,x,This is exactly what I was looking for! Perfect!
3034,twitter,x,Fantastic experience with customer support!
3036,twitter,x,Terrible experience! Waste of money! 😡
3037,twitter,x,Great service and excellent quality! 👏
3039,twitter,x,Terrible experience! Waste of money! 😡
3045,twitter,x,This is exactly what I was looking for! Perfect!
3047,twitter,x,Average experience overall.
3054,twitter,x,This is exactly what I was looking for! Perfect!
3058,twitter,x,Great service and excellent quality! 👏
3067,twitter,x,"Average quality, meets basic expectations."
3074,twitter,x,"Average quality, meets basic expectations."
3076,twitter,x,Exceeded my expectations! Amazing product!
3080,twitter,x,"Average quality, meets basic expectations."
3082,twitter,x,"Standard product, nothing extraordinary."
3085,twitter,x,"Standard product, nothing extraordinary."
3086,twitter,x,This is exactly what I was looking for! Perfect!
3087,twitter,x,Fantastic experience with customer support!
3089,twitter,x,Terrible experience! Waste of money! 😡
3090,twitter,x,This is exactly what I was looking for! Perfect!
3100,twitter,x,Exceeded my expectations! Amazing product!
3106,twitter,x,Fantastic experience with customer support!
3107,twitter,x,Average experience overall.
3116,twitter,x,Great service and excellent quality! 👏
3118,twitter,x,Fantastic experience with customer support!
3120,twitter,x,"Standard product, nothing extraordinary."
3126,twitter,x,Terrible experience! Waste of money! 😡
3129,twitter,x,"Standard product, nothing extraordinary."
3133,twitter,x,Average experience overall.
3134,twitter,x,"Average quality, meets basic expectations."
3145,twitter,x,Terrible experience! Waste of money! 😡
3152,twitter,x,Exceeded my expectations! Amazing product!
3154,twitter,x,Fantastic experience with customer support!
3155,twitter,x,Average experience overall.
3166,twitter,x,"Standard product, nothing extraordinary."
3168,twitter,x,Great service and excellent quality! 👏
3172,twitter,x,Great service and excellent quality! 👏
3174,twitter,x,Great service and excellent quality! 👏
3175,twitter,x,"Average quality, meets basic expectations."
3176,twitter,x,Terrible experience! Waste of money! 😡
3182,twitter,x,"Average quality, meets basic expectations."
3184,twitter,x,Fantastic experience with customer support!
3188,twitter,x,Terrible experience! Waste of money! 😡
3196,twitter,x,"Standard product, nothing extraordinary."
3199,twitter,x,Average experience overall.
3201,twitter,x,Average experience overall.
3205,twitter,x,This is exactly what I was looking for! Perfect!
3210,twitter,x,Fantastic experience with customer support!
3219,twitter,x,Terrible experience! Waste of money! 😡
3223,twitter,x,Average experience overall.
3225,twitter,x,Terrible experience! Waste of money! 😡
3229,twitter,x,This is exactly what I was looking for! Perfect!
3239,twitter,x,Average experience overall.
3248,twitter,x,Exceeded my expectations! Amazing product!
3252,twitter,x,Terrible experience! Waste of money! 😡
3260,twitter,x,Fantastic experience with customer support!
3263,twitter,x,Terrible experience! Waste of money! 😡
3265,twitter,x,Average experience overall.
3267,twitter,x,"Average quality, meets basic expectations."
3269,twitter,x,"Average quality, meets basic expectations."
3270,twitter,x,Great service and excellent quality! 👏
3274,twitter,x,Average experience overall.
3276,twitter,x,Great service and excellent quality! 👏
3277,twitter,x,"Average quality, meets basic expectations."
3287,twitter,x,Great service and excellent quality! 👏
3288,twitter,x,Fantastic experience with customer support!
3289,twitter,x,"Standard product, nothing extraordinary."
3292,twitter,x,Exceeded my expectations! Amazing product!
3296,twitter,x,"Standard product, nothing extraordinary."
3299,twitter,x,Fantastic experience with customer support!
3301,twitter,x,"Standard product, nothing extraordinary."
3302,twitter,x,"Standard product, nothing extraordinary."
3304,twitter,x,Fantastic experience with customer support!
3305,twitter,x,"Standard product, nothing extraordinary."
3309,twitter,x,"Average quality, meets basic expectations."
3317,twitter,x,Great service and excellent quality! 👏
3318,twitter,x,"Standard product, nothing extraordinary."
3321,twitter,x,This is exactly what I was looking for! Perfect!
3325,twitter,x,Exceeded my expectations! Amazing product!
3327,twitter,x,Terrible experience! Waste of money! 😡
3330,twitter,x,Fantastic experience with customer support!
3331,twitter,x,This is exactly what I was looking for! Perfect!
3332,twitter,x,Exceeded my expectations! Amazing product!
3338,twitter,x,Average experience overall.
3344,twitter,x,"Standard product, nothing extraordinary."
3350,twitter,x,"Average quality, meets basic expectations."
3353,twitter,x,This is exactly what I was looking for! Perfect!
3356,twitter,x,Exceeded my expectations! Amazing product!
3359,twitter,x,Fantastic experience with customer support!
3361,twitter,x,Terrible experience! Waste of money! 😡
3363,twitter,x,Exceeded my expectations! Amazing product!
3364,twitter,x,Terrible experience! Waste of money! 😡
3375,twitter,x,"Average quality, meets basic expectations."
3376,twitter,x,"Average quality, meets basic expectations."
3380,twitter,x,Exceeded my expectations! Amazing product!
3384,twitter,x,Average experience overall.
3385,twitter,x,Average experience overall.
3392,twitter,x,"Standard product, nothing extraordinary."
3399,twitter,x,Great service and excellent quality! 👏
3400,twitter,x,Average experience overall.
3401,twitter,x,Exceeded my expectations! Amazing product!
3402,twitter,x,Exceeded my expectations! Amazing product!
3407,twitter,x,Great service and excellent quality! 👏
3412,twitter,x,This is exactly what I was looking for! Perfect!
3415,twitter,x,Terrible experience! Waste of money! 😡
3419,twitter,x,Fantastic experience with customer support!
3420,twitter,x,"Standard product, nothing extraordinary."
3423,twitter,x,This is exactly what I was looking for! Perfect!
3426,twitter,x,Fantastic experience with customer support!
3428,twitter,x,Fantastic experience with customer support!
3429,twitter,x,Great service and excellent quality! 👏
3433,twitter,x,Exceeded my expectations! Amazing product!
3434,twitter,x,"Standard product, nothing extraordinary."
3443,twitter,x,"Average quality, meets basic expectations."
3447,twitter,x,"Average quality, meets basic expectations."
3457,twitter,x,This is exactly what I was looking for! Perfect!
3460,twitter,x,Terrible experience! Waste of money! 😡
3463,twitter,x,Terrible experience! Waste of money! 😡
3464,twitter,x,Fantastic experience with customer support!
3467,twitter,x,Average experience overall.
3470,twitter,x,"Standard product, nothing extraordinary."
3475,twitter,x,Exceeded my expectations! Amazing product!
3478,twitter,x,"Average quality, meets basic expectations."
3491,twitter,x,Great service and excellent quality! 👏
3492,twitter,x,"Standard product, nothing extraordinary."
3493,twitter,x,"Average quality, meets basic expectations."
3497,twitter,x,Average experience overall.
3498,twitter,x,This is exactly what I was looking for! Perfect!
3499,twitter,x,Exceeded my expectations! Amazing product!
3505,twitter,x,"Average quality, meets basic expectations."
3509,twitter,x,Fantastic experience with customer support!
3516,twitter,x,Fantastic experience with customer support!
3522,twitter,x,Great service and excellent quality! 👏
3524,twitter,x,Fantastic experience with customer support!
3525,twitter,x,"Average quality, meets basic expectations."
3527,twitter,x,Exceeded my expectations! Amazing product!
3531,twitter,x,This is exactly what I was looking for! Perfect!
3534,twitter,x,Exceeded my expectations! Amazing product!
3537,twitter,x,Average experience overall.
3542,twitter,x,Fantastic experience with customer support!
3552,twitter,x,Great service and excellent quality! 👏
3553,twitter,x,Exceeded my expectations! Amazing product!
3561,twitter,x,Average experience overall.
3577,twitter,x,"Average quality, meets basic expectations."
3579,twitter,x,Great service and excellent quality! 👏
3583,twitter,x,Great service and excellent quality! 👏
3585,twitter,x,"Average quality, meets basic expectations."
3586,twitter,x,Great service and excellent quality! 👏
3588,twitter,x,Exceeded my expectations! Amazing product!
3589,twitter,x,Fantastic experience with customer support!
3590,twitter,x,This is exactly what I was looking for! Perfect!
3595,twitter,x,Fantastic experience with customer support!
3598,twitter,x,This is exactly what I was looking for! Perfect!
3600,twitter,x,This is exactly what I was looking for! Perfect!
3601,twitter,x,Exceeded my expectations! Amazing product!
3610,twitter,x,Exceeded my expectations! Amazing product!
3612,twitter,x,"Standard product, nothing extraordinary."
3614,twitter,x,Terrible experience! Waste of money! 😡
3618,twitter,x,Exceeded my expectations! Amazing product!
3621,twitter,x,Exceeded my expectations! Amazing product!
3625,twitter,x,This is exactly what I was looking for! Perfect!
3629,twitter,x,"Standard product, nothing extraordinary."
3630,twitter,x,Fantastic experience with customer support!
3636,twitter,x,Great service and excellent quality! 👏
3639,twitter,x,This is exactly what I was looking for! Perfect!
3642,twitter,x,Exceeded my expectations! Amazing product!
3643,twitter,x,Fantastic experience with customer support!
3653,twitter,x,Exceeded my expectations! Amazing product!
3654,twitter,x,"Standard product, nothing extraordinary."
3656,twitter,x,This is exactly what I was looking for! Perfect!
3659,twitter,x,This is exactly what I was looking for! Perfect!
3665,twitter,x,This is exactly what I was looking for! Perfect!
3668,twitter,x,Fantastic experience with customer support!
3670,twitter,x,Terrible experience! Waste of money! 😡
3674,twitter,x,This is exactly what I was looking for! Perfect!
3677,twitter,x,"Standard product, nothing extraordinary."
3687,twitter,x,This is exactly what I was looking for! Perfect!
3690,twitter,x,"Average quality, meets basic expectations."
3692,twitter,x,Fantastic experience with customer support!
3695,twitter,x,Great service and excellent quality! 👏
3709,twitter,x,"Average quality, meets basic expectations."
3714,twitter,x,Exceeded my expectations! Amazing product!
3716,twitter,x,"Standard product, nothing extraordinary."
3718,twitter,x,"Standard product, nothing extraordinary."
3721,twitter,x,Exceeded my expectations! Amazing product!
3722,twitter,x,This is exactly what I was looking for! Perfect!
3724,twitter,x,"Standard product, nothing extraordinary."
3725,twitter,x,Exceeded my expectations! Amazing product!
3726,twitter,x,Exceeded my expectations! Amazing product!
3728,twitter,x,"Average quality, meets basic expectations."
3729,twitter,x,"Average quality, meets basic expectations."
3734,twitter,x,Great service and excellent quality! 👏
3735,twitter,x,Average experience overall.
3736,twitter,x,Terrible experience! Waste of money! 😡
3740,twitter,x,Average experience overall.
3744,twitter,x,Exceeded my expectations! Amazing product!
3745,twitter,x,"Average quality, meets basic expectations."
3747,twitter,x,Exceeded my expectations! Amazing product!
3748,twitter,x,Exceeded my expectations! Amazing product!
3755,twitter,x,"Standard product, nothing extraordinary."
3759,twitter,x,Fantastic experience with customer support!
3762,twitter,x,Fantastic experience with customer support!
3769,twitter,x,"Standard product, nothing extraordinary."
3773,twitter,x,Exceeded my expectations! Amazing product!
3774,twitter,x,Average experience overall.
3776,twitter,x,"Standard product, nothing extraordinary."
3784,twitter,x,"Standard product, nothing extraordinary."
3787,twitter,x,Average experience overall.
3792,twitter,x,"Average quality, meets basic expectations."
3794,twitter,x,"Average quality, meets basic expectations."
3796,twitter,x,Average experience overall.
3797,twitter,x,"Average quality, meets basic expectations."
3800,twitter,x,Great service and excellent quality! 👏
3803,twitter,x,"Standard product, nothing extraordinary."
3804,twitter,x,Great service and excellent quality! 👏
3806,twitter,x,"Average quality, meets basic expectations."
3812,twitter,x,Average experience overall.
3815,twitter,x,Exceeded my expectations! Amazing product!
3816,twitter,x,Fantastic experience with customer support!
3825,twitter,x,"Average quality, meets basic expectations."
3830,twitter,x,This is exactly what I was looking for! Perfect!
3834,twitter,x,"Standard product, nothing extraordinary."
3842,twitter,x,Fantastic experience with customer support!
3847,twitter,x,Terrible experience! Waste of money! 😡
3852,twitter,x,Fantastic experience with customer support!
3858,twitter,x,Terrible experience! Waste of money! 😡
3859,twitter,x,Great service and excellent quality! 👏
3871,twitter,x,Fantastic experience with customer support!
3872,twitter,x,"Average quality, meets basic expectations."
3876,twitter,x,This is exactly what I was looking for! Perfect!
3881,twitter,x,Fantastic experience with customer support!
3883,twitter,x,Exceeded my expectations! Amazing product!
3886,twitter,x,Terrible experience! Waste of money! 😡
3889,twitter,x,"Average quality, meets basic expectations."
3895,twitter,x,This is exactly what I was looking for! Perfect!
3897,twitter,x,Great service and excellent quality! 👏
3901,twitter,x,Terrible experience! Waste of money! 😡
3909,twitter,x,Average experience overall.
3912,twitter,x,Average experience overall.
3916,twitter,x,Average experience overall.
3918,twitter,x,Exceeded my expectations! Amazing product!
3919,twitter,x,Average experience overall.
3923,twitter,x,"Average quality, meets basic expectations."
3927,twitter,x,Great service and excellent quality! 👏
3929,twitter,x,Fantastic experience with customer support!
3931,twitter,x,"Standard product, nothing extraordinary."
3932,twitter,x,"Standard product, nothing extraordinary."
3935,twitter,x,"Standard product, nothing extraordinary."
3936,twitter,x,This is exactly what I was looking for! Perfect!
3940,twitter,x,This is exactly what I was looking for! Perfect!
3942,twitter,x,"Average quality, meets basic expectations."
3943,twitter,x,Great service and excellent quality! 👏
3946,twitter,x,Exceeded my expectations! Amazing product!
3948,twitter,x,Great service and excellent quality! 👏
3950,twitter,x,"Standard product, nothing extraordinary."
3954,twitter,x,Exceeded my expectations! Amazing product!
3955,twitter,x,"Average quality, meets basic expectations."
3956,twitter,x,Average experience overall.
3957,twitter,x,Average experience overall.
3963,twitter,x,Average experience overall.
3975,twitter,x,Great service and excellent quality! 👏
3976,twitter,x,This is exactly what I was looking for! Perfect!
3978,twitter,x,"Average quality, meets basic expectations."
3979,twitter,x,Average experience overall.
3980,twitter,x,This is exactly what I was looking for! Perfect!
3982,twitter,x,Average experience overall.
3986,twitter,x,Terrible experience! Waste of money! 😡
3993,twitter,x,Exceeded my expectations! Amazing product!
3999,twitter,x,Fantastic experience with customer support!
4004,twitter,x,Exceeded my expectations! Amazing product!
4006,twitter,x,Fantastic experience with customer support!
4016,twitter,x,Exceeded my expectations! Amazing product!
4023,twitter,x,"Average quality, meets basic expectations."
4032,twitter,x,"Standard product, nothing extraordinary."
4033,twitter,x,This is exactly what I was looking for! Perfect!
4037,twitter,x,Exceeded my expectations! Amazing product!
4039,twitter,x,Exceeded my expectations! Amazing product!
4041,twitter,x,Great service and excellent quality! 👏
4045,twitter,x,Great service and excellent quality! 👏
4046,twitter,x,Great service and excellent quality! 👏
4049,twitter,x,"Standard product, nothing extraordinary."
4052,twitter,x,Fantastic experience with customer support!
4053,twitter,x,Exceeded my expectations! Amazing product!
4057,twitter,x,"Average quality, meets basic expectations."
4061,twitter,x,Fantastic experience with customer support!
4063,twitter,x,Fantastic experience with customer support!
4067,twitter,x,Exceeded my expectations! Amazing product!
4068,twitter,x,Exceeded my expectations! Amazing product!
4069,twitter,x,Average experience overall.
4088,twitter,x,Average experience overall.
4089,twitter,x,Terrible experience! Waste of money! 😡
4097,twitter,x,"Average quality, meets basic expectations."
4102,twitter,x,Exceeded my expectations! Amazing product!
4109,twitter,x,"Standard product, nothing extraordinary."
4113,twitter,x,This is exactly what I was looking for! Perfect!
4119,twitter,x,"Average quality, meets basic expectations."
4125,twitter,x,Average experience overall.
4127,twitter,x,"Average quality, meets basic expectations."
4129,twitter,x,This is exactly what I was looking for! Perfect!
4131,twitter,x,Exceeded my expectations! Amazing product!
4135,twitter,x,"Standard product, nothing extraordinary."
4136,twitter,x,Terrible experience! Waste of money! 😡
4141,twitter,x,"Standard product, nothing extraordinary."
4143,twitter,x,Great service and excellent quality! 👏
4159,twitter,x,This is exactly what I was looking for! Perfect!
4162,twitter,x,Exceeded my expectations! Amazing product!
4165,twitter,x,This is exactly what I was looking for! Perfect!
4190,twitter,x,Great service and excellent quality! 👏
4196,twitter,x,"Standard product, nothing extraordinary."
4197,twitter,x,Fantastic experience with customer support!
4198,twitter,x,"Standard product, nothing extraordinary."
4210,twitter,x,"Average quality, meets basic expectations."
4211,twitter,x,Great service and excellent quality! 👏
4215,twitter,x,"Average quality, meets basic expectations."
4221,twitter,x,Great service and excellent quality! 👏
4229,twitter,x,"Standard product, nothing extraordinary."
4231,twitter,x,Fantastic experience with customer support!
4236,twitter,x,Fantastic experience with customer support!
4239,twitter,x,Great service and excellent quality! 👏
4241,twitter,x,"Standard product, nothing extraordinary."
4246,twitter,x,Terrible experience! Waste of money! 😡
4252,twitter,x,This is exactly what I was looking for! Perfect!
4255,twitter,x,This is exactly what I was looking for! Perfect!
4257,twitter,x,Great service and excellent quality! 👏
4266,twitter,x,"Standard product, nothing extraordinary."
4272,twitter,x,"Average quality, meets basic expectations."
4283,twitter,x,"Average quality, meets basic expectations."
4287,twitter,x,Exceeded my expectations! Amazing product!
4289,twitter,x,This is exactly what I was looking for! Perfect!
4293,twitter,x,Exceeded my expectations! Amazing product!
4298,twitter,x,Terrible experience! Waste of money! 😡
4300,twitter,x,"Standard product, nothing extraordinary."
4301,twitter,x,"Average quality, meets basic expectations."
4304,twitter,x,This is exactly what I was looking for! Perfect!
4308,twitter,x,Average experience overall.
4309,twitter,x,This is exactly what I was looking for! Perfect!
4310,twitter,x,Great service and excellent quality! 👏
4325,twitter,x,"Standard product, nothing extraordinary."
4340,twitter,x,Terrible experience! Waste of money! 😡
4343,twitter,x,"Standard product, nothing extraordinary."
4344,twitter,x,Exceeded my expectations! Amazing product!
4346,twitter,x,"Average quality, meets basic expectations."
4347,twitter,x,"Standard product, nothing extraordinary."
4348,twitter,x,"Average quality, meets basic expectations."
4350,twitter,x,Average experience overall.
4354,twitter,x,Average experience overall.
4356,twitter,x,"Average quality, meets basic expectations."
4357,twitter,x,Great service and excellent quality! 👏
4359,twitter,x,Terrible experience! Waste of money! 😡
4363,twitter,x,"Standard product, nothing extraordinary."
4374,twitter,x,Average experience overall.
4376,twitter,x,Terrible experience! Waste of money! 😡
4379,twitter,x,Exceeded my expectations! Amazing product!
4382,twitter,x,"Standard product, nothing extraordinary."
4386,twitter,x,This is exactly what I was looking for! Perfect!
4394,twitter,x,Terrible experience! Waste of money! 😡
4403,twitter,x,Exceeded my expectations! Amazing product!
4408,twitter,x,Average experience overall.
4413,twitter,x,Terrible experience! Waste of money! 😡
4414,twitter,x,"Standard product, nothing extraordinary."
4416,twitter,x,Terrible experience! Waste of money! 😡
4427,twitter,x,"Standard product, nothing extraordinary."
4431,twitter,x,Terrible experience! Waste of money! 😡
4435,twitter,x,Fantastic experience with customer support!
4441,twitter,x,Exceeded my expectations! Amazing product!
4445,twitter,x,This is exactly what I was looking for! Perfect!
4449,twitter,x,Exceeded my expectations! Amazing product!
4451,twitter,x,This is exactly what I was looking for! Perfect!
4458,twitter,x,"Average quality, meets basic expectations."
4461,twitter,x,Fantastic experience with customer support!
4463,twitter,x,Average experience overall.
4464,twitter,x,Great service and excellent quality! 👏
4465,twitter,x,This is exactly what I was looking for! Perfect!
4466,twitter,x,Great service and excellent quality! 👏
4467,twitter,x,Average experience overall.
4471,twitter,x,Exceeded my expectations! Amazing product!
4474,twitter,x,Average experience overall.
4477,twitter,x,"Average quality, meets basic expectations."
4479,twitter,x,"Average quality, meets basic expectations."
4494,twitter,x,Fantastic experience with customer support!
4495,twitter,x,"Average quality, meets basic expectations."
4501,twitter,x,Great service and excellent quality! 👏
4503,twitter,x,Terrible experience! Waste of money! 😡
4506,twitter,x,Great service and excellent quality! 👏
4513,twitter,x,This is exactly what I was looking for! Perfect!
4519,twitter,x,Exceeded my expectations! Amazing product!
4525,twitter,x,Fantastic experience with customer support!
4526,twitter,x,Average experience overall.
4534,twitter,x,Average experience overall.
4544,twitter,x,"Standard product, nothing extraordinary."
4546,twitter,x,Average experience overall.
4550,twitter,x,Fantastic experience with customer support!
4552,twitter,x,Terrible experience! Waste of money! 😡
4554,twitter,x,"Standard product, nothing extraordinary."
4555,twitter,x,Fantastic experience with customer support!
4558,twitter,x,Exceeded my expectations! Amazing product!
4561,twitter,x,This is exactly what I was looking for! Perfect!
4564,twitter,x,"Standard product, nothing extraordinary."
4566,twitter,x,Fantastic experience with customer support!
4569,twitter,x,Great service and excellent quality! 👏
4572,twitter,x,Terrible experience! Waste of money! 😡
4575,twitter,x,Great service and excellent quality! 👏
4582,twitter,x,Great service and excellent quality! 👏
4585,twitter,x,Terrible experience! Waste of money! 😡
4587,twitter,x,Great service and excellent quality! 👏
4589,twitter,x,"Average quality, meets basic expectations."
4590,twitter,x,"Standard product, nothing extraordinary."
4593,twitter,x,Average experience overall.
4594,twitter,x,Great service and excellent quality! 👏
4595,twitter,x,"Standard product, nothing extraordinary."
4596,twitter,x,Great service and excellent quality! 👏
4599,twitter,x,Fantastic experience with customer support!
4600,twitter,x,Exceeded my expectations! Amazing product!
4613,twitter,x,Terrible experience! Waste of money! 😡
4614,twitter,x,"Standard product, nothing extraordinary."
4615,twitter,x,Terrible experience! Waste of money! 😡
4620,twitter,x,Average experience overall.
4627,twitter,x,Great service and excellent quality! 👏
4629,twitter,x,Average experience overall.
4631,twitter,x,"Average quality, meets basic expectations."
4632,twitter,x,"Standard product, nothing extraordinary."
4637,twitter,x,Great service and excellent quality! 👏
4640,twitter,x,Fantastic experience with customer support!
4643,twitter,x,Great service and excellent quality! 👏
4644,twitter,x,"Average quality, meets basic expectations."
4648,twitter,x,"Average quality, meets basic expectations."
4649,twitter,x,"Standard product, nothing extraordinary."
4651,twitter,x,"Average quality, meets basic expectations."
4652,twitter,x,"Average quality, meets basic expectations."
4653,twitter,x,Average experience overall.
4665,twitter,x,This is exactly what I was looking for! Perfect!
4666,twitter,x,Average experience overall.
4669,twitter,x,Great service and excellent quality! 👏
4673,twitter,x,Fantastic experience with customer support!
4674,twitter,x,Terrible experience! Waste of money! 😡
4684,twitter,x,Great service and excellent quality! 👏
4688,twitter,x,Exceeded my expectations! Amazing product!
4690,twitter,x,Exceeded my expectations! Amazing product!
4704,twitter,x,Average experience overall.
4706,twitter,x,Average experience overall.
4707,twitter,x,Terrible experience! Waste of money! 😡
4709,twitter,x,Terrible experience! Waste of money! 😡
4712,twitter,x,Great service and excellent quality! 👏
4717,twitter,x,"Standard product, nothing extraordinary."
4719,twitter,x,Fantastic experience with customer support!
4722,twitter,x,This is exactly what I was looking for! Perfect!
4728,twitter,x,"Standard product, nothing extraordinary."
4729,twitter,x,Great service and excellent quality! 👏
4731,twitter,x,Average experience overall.
4734,twitter,x,"Standard product, nothing extraordinary."
4736,twitter,x,This is exactly what I was looking for! Perfect!
4737,twitter,x,Average experience overall.
4739,twitter,x,Great service and excellent quality! 👏
4743,twitter,x,Average experience overall.
4745,twitter,x,Average experience overall.
4747,twitter,x,Average experience overall.
4750,twitter,x,"Standard product, nothing extraordinary."
4753,twitter,x,Exceeded my expectations! Amazing product!
4756,twitter,x,Average experience overall.
4759,twitter,x,Average experience overall.
4761,twitter,x,Terrible experience! Waste of money! 😡
4763,twitter,x,Great service and excellent quality! 👏
4764,twitter,x,Terrible experience! Waste of money! 😡
4768,twitter,x,Average experience overall.
4769,twitter,x,Exceeded my expectations! Amazing product!
4773,twitter,x,Average experience overall.
4776,twitter,x,Average experience overall.
4781,twitter,x,Terrible experience! Waste of money! 😡
4784,twitter,x,"Standard product, nothing extraordinary."
4808,twitter,x,Fantastic experience with customer support!
4811,twitter,x,"Standard product, nothing extraordinary."
4823,twitter,x,"Standard product, nothing extraordinary."
4825,twitter,x,Terrible experience! Waste of money! 😡
4826,twitter,x,This is exactly what I was looking for! Perfect!
4832,twitter,x,This is exactly what I was looking for! Perfect!
4834,twitter,x,Average experience overall.
4840,twitter,x,Fantastic experience with customer support!
4841,twitter,x,"Average quality, meets basic expectations."
4848,twitter,x,"Standard product, nothing extraordinary."
4854,twitter,x,Average experience overall.
4855,twitter,x,Average experience overall.
4856,twitter,x,Average experience overall.
4860,twitter,x,Average experience overall.
4865,twitter,x,This is exactly what I was looking for! Perfect!
4866,twitter,x,Great service and excellent quality! 👏
4868,twitter,x,"Average quality, meets basic expectations."
4873,twitter,x,Terrible experience! Waste of money! 😡
4878,twitter,x,Great service and excellent quality! 👏
4887,twitter,x,This is exactly what I was looking for! Perfect!
4888,twitter,x,This is exactly what I was looking for! Perfect!
4892,twitter,x,This is exactly what I was looking for! Perfect!
4893,twitter,x,Fantastic experience with customer support!
4903,twitter,x,Terrible experience! Waste of money! 😡
4907,twitter,x,Terrible experience! Waste of money! 😡
4908,twitter,x,"Standard product, nothing extraordinary."
4911,twitter,x,Fantastic experience with customer support!
4912,twitter,x,Exceeded my expectations! Amazing product!
4917,twitter,x,"Average quality, meets basic expectations."
4921,twitter,x,"Average quality, meets basic expectations."
4922,twitter,x,"Standard product, nothing extraordinary."
4923,twitter,x,Average experience overall.
4927,twitter,x,Fantastic experience with customer support!
4933,twitter,x,Great service and excellent quality! 👏
4934,twitter,x,Terrible experience! Waste of money! 😡
4936,twitter,x,Fantastic experience with customer support!
4937,twitter,x,"Standard product, nothing extraordinary."
4940,twitter,x,Terrible experience! Waste of money! 😡
4944,twitter,x,"Average quality, meets basic expectations."
4946,twitter,x,Terrible experience! Waste of money! 😡
4952,twitter,x,Exceeded my expectations! Amazing product!
4953,twitter,x,This is exactly what I was looking for! Perfect!
4963,twitter,x,This is exactly what I was looking for! Perfect!
4967,twitter,x,Exceeded my expectations! Amazing product!
4970,twitter,x,Average experience overall.
4980,twitter,x,Fantastic experience with customer support!
4984,twitter,x,Average experience overall.
4986,twitter,x,Exceeded my expectations! Amazing product!
4995,twitter,x,"Average quality, meets basic expectations."
4996,twitter,x,Exceeded my expectations! Amazing product!
4998,twitter,x,"Standard product, nothing extraordinary."
4999,twitter,x,Great service and excellent quality! 👏
